{"cameraMode":{"drawMode":0,"name":"Shaded","section":"Shading Mode"},"sceneLighting":true,"audioPlay":false,"sceneViewState":{"showFog":true,"showMaterialUpdate":true,"showSkybox":false,"showFlares":true,"showImageEffects":true,"showParticleSystems":true},"in2DMode":false,"pivot":{"x":63.56554412841797,"y":6.3134613037109379,"z":-9.70388126373291},"rotation":{"x":0.026906609535217286,"y":0.4124736785888672,"z":-0.009705747477710247,"w":0.9111477136611939},"size":11.667264938354493,"orthographic":false}