{"cameraMode":{"drawMode":0,"name":"Shaded","section":"Shading Mode"},"sceneLighting":true,"audioPlay":false,"sceneViewState":{"showFog":true,"showMaterialUpdate":true,"showSkybox":false,"showFlares":true,"showImageEffects":true,"showParticleSystems":true},"in2DMode":false,"pivot":{"x":-1356.58056640625,"y":-51.09981918334961,"z":-2200.087890625},"rotation":{"x":0.06370696425437927,"y":-0.5917874574661255,"z":0.05001874640583992,"w":0.8027304410934448},"size":418.40997314453127,"orthographic":false}